City_ID,City,Country,Date,Lat,Lng,Max Temp,Humidity,Cloudiness,Wind Speed
0,Yerbogachen,RU,2020-11-26 17:42:25,61.28,108.01,2.97,93,85,8.05
1,Menton,FR,2020-11-26 17:42:26,43.78,7.5,55.4,76,40,6.93
2,Vaini,TO,2020-11-26 17:42:27,-21.2,-175.2,75.2,94,20,8.05
3,Kapaa,US,2020-11-26 17:42:27,22.08,-159.32,71.6,94,90,8.05
4,Qaanaaq,GL,2020-11-26 17:42:27,77.48,-69.36,-9.63,70,3,3.65
5,Veraval,IN,2020-11-26 17:42:28,20.9,70.37,76.66,42,29,15.68
6,Anadyr,RU,2020-11-26 17:42:28,64.75,177.48,10.4,85,0,13.42
7,Shieli,KZ,2020-11-26 17:42:28,44.17,66.75,36.66,75,100,6.08
8,Tocopilla,CL,2020-11-26 17:42:28,-22.09,-70.2,67.78,55,90,2.82
9,Souillac,MU,2020-11-26 17:42:29,-20.52,57.52,75.2,78,40,6.93
10,Vestmannaeyjar,IS,2020-11-26 17:42:30,63.44,-20.27,37.4,69,40,35.57
11,Rio Maior,PT,2020-11-26 17:42:30,39.34,-8.94,57.99,76,43,8.99
12,The Valley,AI,2020-11-26 17:42:30,18.22,-63.06,86.0,69,20,11.41
13,Jamestown,US,2020-11-26 17:42:30,42.1,-79.24,50.0,93,90,17.22
14,Atuona,PF,2020-11-26 17:42:31,-9.8,-139.03,77.32,73,72,15.19
15,Prado,BR,2020-11-26 17:42:31,-17.34,-39.22,78.67,74,97,11.48
16,Nanortalik,GL,2020-11-26 17:42:31,60.14,-45.24,29.68,85,48,35.28
17,Longyearbyen,SJ,2020-11-26 17:42:31,78.22,15.64,23.0,62,75,25.28
18,Waingapu,ID,2020-11-26 17:42:33,-9.66,120.26,81.18,77,100,3.42
19,Bonavista,CA,2020-11-26 17:42:34,48.65,-53.11,39.99,86,100,5.82
20,Alice Springs,AU,2020-11-26 17:42:34,-23.7,133.88,71.6,40,0,6.31
21,Cape Town,ZA,2020-11-26 17:42:17,-33.93,18.42,64.99,59,20,23.04
22,Ayorou,NE,2020-11-26 17:42:35,14.73,0.92,82.92,15,0,7.43
23,Konevo,RU,2020-11-26 17:42:35,62.12,39.32,28.17,98,100,11.48
24,Rikitea,PF,2020-11-26 17:42:35,-23.12,-134.97,74.79,81,100,10.07
25,Provideniya,RU,2020-11-26 17:42:36,64.38,-173.3,23.27,91,40,6.42
26,Chadan,RU,2020-11-26 17:42:36,51.28,91.58,2.61,92,85,0.36
27,Okhotsk,RU,2020-11-26 17:42:36,59.38,143.3,-2.04,86,77,24.36
28,Saint-Philippe,RE,2020-11-26 17:42:37,-21.36,55.77,77.0,73,60,10.29
29,Bluff,NZ,2020-11-26 17:42:40,-46.6,168.33,54.0,79,76,18.01
30,Najran,SA,2020-11-26 17:42:42,17.49,44.13,77.0,29,20,9.17
31,Leningradskiy,RU,2020-11-26 17:42:43,69.38,178.42,25.63,97,100,17.09
32,Dikson,RU,2020-11-26 17:42:44,73.51,80.55,16.11,97,100,17.78
33,Kaitangata,NZ,2020-11-26 17:42:44,-46.28,169.85,52.0,78,90,5.99
34,Margate,GB,2020-11-26 17:42:44,51.38,1.39,46.99,74,99,8.34
35,Hami,CN,2020-11-26 17:42:45,42.8,93.45,24.87,70,84,4.38
36,Port Moresby,PG,2020-11-26 17:42:45,-9.44,147.18,77.0,94,40,6.93
37,Ushuaia,AR,2020-11-26 17:39:07,-54.8,-68.3,50.0,61,75,17.22
38,Port Alfred,ZA,2020-11-26 17:40:11,-33.59,26.89,64.89,72,99,19.19
39,Punta Arenas,CL,2020-11-26 17:41:17,-53.15,-70.92,57.2,44,75,29.97
40,Bay Roberts,CA,2020-11-26 17:42:46,47.6,-53.26,39.2,91,90,12.75
41,Teacapan,MX,2020-11-26 17:42:47,22.55,-105.75,86.65,45,11,3.98
42,Albany,US,2020-11-26 17:40:05,42.6,-73.97,54.0,88,88,3.38
43,Decatur,US,2020-11-26 17:40:12,39.84,-88.95,46.4,75,90,9.17
44,Busselton,AU,2020-11-26 17:42:47,-33.65,115.33,50.0,91,81,4.47
45,Hermanus,ZA,2020-11-26 17:42:31,-34.42,19.23,63.0,65,19,1.01
46,Eureka,US,2020-11-26 17:41:01,40.8,-124.16,43.0,86,1,4.7
47,Kavieng,PG,2020-11-26 17:42:51,-2.57,150.8,82.18,79,78,12.41
48,Saravan,AM,2020-11-26 17:42:52,39.72,45.65,42.8,60,90,4.7
49,Kruisfontein,ZA,2020-11-26 17:42:52,-34.0,24.73,64.0,72,72,4.0
50,Chaiya,TH,2020-11-26 17:42:53,9.39,99.2,84.0,55,70,10.18
51,Carnarvon,AU,2020-11-26 17:42:53,-24.87,113.63,69.8,83,75,21.92
52,Faanui,PF,2020-11-26 17:42:53,-16.48,-151.75,80.17,81,98,8.5
53,Mehamn,NO,2020-11-26 17:42:54,71.04,27.85,32.0,90,90,2.24
54,Tasiilaq,GL,2020-11-26 17:42:55,65.61,-37.64,26.6,63,75,16.11
55,Hendek,TR,2020-11-26 17:42:55,40.8,30.75,37.4,100,0,1.12
56,Mahebourg,MU,2020-11-26 17:42:55,-20.41,57.7,75.2,78,40,6.93
57,Ulaanbaatar,MN,2020-11-26 17:42:57,47.91,106.88,-11.2,76,0,2.24
58,Salalah,OM,2020-11-26 17:42:57,17.02,54.09,78.8,69,0,1.12
59,Castro,BR,2020-11-26 17:42:58,-24.79,-50.01,78.51,57,32,7.0
60,Nikolskoye,RU,2020-11-26 17:42:58,59.7,30.79,42.01,93,75,4.47
61,Hilo,US,2020-11-26 17:42:59,19.73,-155.09,71.6,83,90,6.93
62,New Norfolk,AU,2020-11-26 17:42:59,-42.78,147.06,51.8,76,90,1.12
63,Madera,US,2020-11-26 17:42:16,37.17,-119.83,52.0,75,0,1.01
64,Yellowknife,CA,2020-11-26 17:41:29,62.46,-114.35,3.99,84,90,6.93
65,Bengkulu,ID,2020-11-26 17:43:00,-3.8,102.27,75.45,90,100,4.18
66,Port Elizabeth,ZA,2020-11-26 17:42:32,-33.92,25.57,62.6,82,20,17.22
67,Ilulissat,GL,2020-11-26 17:43:01,69.22,-51.1,19.4,62,75,17.22
68,Mataura,NZ,2020-11-26 17:43:01,-46.19,168.86,54.0,79,91,18.01
69,Cherskiy,RU,2020-11-26 17:43:02,68.75,161.3,25.34,94,100,20.67
70,Gobardanga,IN,2020-11-26 17:43:02,22.87,88.76,71.6,78,75,5.12
71,Elat,IL,2020-11-26 17:43:03,29.56,34.95,69.8,40,40,13.87
72,Barra Do Garcas,BR,2020-11-26 17:38:13,-15.89,-52.26,95.0,63,40,10.29
73,Bredasdorp,ZA,2020-11-26 17:43:04,-34.53,20.04,62.6,59,39,11.41
74,Kalmunai,LK,2020-11-26 17:43:05,7.42,81.82,79.52,83,11,0.78
75,Thompson,CA,2020-11-26 17:43:05,55.74,-97.86,15.8,78,75,13.87
76,Taksimo,RU,2020-11-26 17:43:05,56.34,114.88,-2.67,83,2,2.91
77,Ribeira Grande,PT,2020-11-26 17:43:06,38.52,-28.7,62.6,67,75,9.17
78,Jasper,US,2020-11-26 17:43:07,37.2,-94.35,57.0,50,1,5.82
79,Lebu,CL,2020-11-26 17:43:07,-37.62,-73.65,57.33,59,0,20.83
80,Tuktoyaktuk,CA,2020-11-26 17:43:07,69.45,-133.04,-4.0,83,20,11.41
81,Tigil,RU,2020-11-26 17:43:08,57.8,158.67,17.69,97,100,7.72
82,Lae,PG,2020-11-26 17:43:09,-6.72,146.98,75.36,81,92,6.08
83,Puerto Montt,CL,2020-11-26 17:41:00,-41.47,-72.94,57.2,50,75,9.17
84,Freeport,US,2020-11-26 17:42:18,40.66,-73.58,64.99,87,90,16.11
85,Lompoc,US,2020-11-26 17:43:10,34.64,-120.46,55.99,50,1,9.19
86,Portland,US,2020-11-26 17:40:52,45.52,-122.68,46.99,87,90,6.93
87,Yulara,AU,2020-11-26 17:43:10,-25.24,130.99,80.6,32,22,3.36
88,Rosetta,EG,2020-11-26 17:43:11,31.4,30.42,65.57,57,33,4.52
89,Sao Miguel Do Araguaia,BR,2020-11-26 17:43:11,-13.28,-50.16,91.13,39,16,5.77
90,Nouadhibou,MR,2020-11-26 17:41:27,20.93,-17.03,73.4,56,100,20.8
91,Boda,CF,2020-11-26 17:43:12,4.32,17.47,80.56,45,20,3.38
92,Sakaraha,MG,2020-11-26 17:43:12,-22.9,44.53,76.28,46,45,3.78
93,Olafsvik,IS,2020-11-26 17:43:13,64.89,-23.71,37.0,77,100,48.88
94,Selikhino,RU,2020-11-26 17:43:13,50.37,137.5,10.8,83,0,10.92
95,Karratha,AU,2020-11-26 17:43:14,-20.74,116.85,76.64,77,6,6.6
96,Barrow,US,2020-11-26 17:43:15,71.29,-156.79,6.8,77,90,26.4
97,Butembo,CD,2020-11-26 17:43:15,0.15,29.28,60.39,90,56,1.92
98,Jalu,LY,2020-11-26 17:43:16,29.03,21.55,58.6,61,0,5.68
99,Avarua,CK,2020-11-26 17:38:41,-21.21,-159.78,75.2,73,95,6.93
100,Avera,US,2020-11-26 17:43:17,33.19,-82.53,68.0,70,1,8.05
101,Kaohsiung,TW,2020-11-26 17:43:17,22.62,120.31,73.99,94,40,3.36
102,Lavrentiya,RU,2020-11-26 17:43:18,65.58,-171.0,26.82,91,85,4.21
103,Shaghat,AM,2020-11-26 17:43:20,39.56,45.91,42.8,60,90,4.7
104,Liberia,LR,2020-11-26 17:43:20,6.5,-9.5,77.27,85,78,5.12
105,Inirida,CO,2020-11-26 17:43:21,3.87,-67.92,84.96,84,62,2.66
106,Tual,ID,2020-11-26 17:39:07,-5.67,132.75,84.07,71,52,6.46
107,Iguape,BR,2020-11-26 17:43:22,-24.71,-47.56,84.88,58,66,11.03
108,Notre-Dame-Du-Lac,CA,2020-11-26 17:43:22,47.61,-68.8,28.99,86,99,2.24
109,Arraial Do Cabo,BR,2020-11-26 17:43:23,-22.97,-42.03,84.2,65,0,19.46
110,Sharjah,AE,2020-11-26 17:42:26,25.36,55.4,78.8,44,0,9.17
111,Lasa,IT,2020-11-26 17:43:26,46.62,10.7,37.0,64,5,2.24
112,Saint-Claude,FR,2020-11-26 17:43:27,46.5,5.83,41.0,86,75,1.12
113,Carlyle,US,2020-11-26 17:43:27,38.61,-89.37,46.0,85,53,1.01
114,Keetmanshoop,NA,2020-11-26 17:43:27,-26.58,18.13,93.2,8,0,8.05
115,Dunedin,NZ,2020-11-26 17:43:27,-45.87,170.5,54.0,83,70,14.0
116,Prince Rupert,CA,2020-11-26 17:41:07,54.32,-130.32,44.6,93,90,6.93
117,Evensk,RU,2020-11-26 17:43:28,61.95,159.23,1.29,85,100,8.95
118,Chokurdakh,RU,2020-11-26 17:43:29,70.63,147.92,9.79,95,100,15.82
119,Balykshi,KZ,2020-11-26 17:43:29,47.07,51.87,32.0,98,90,4.38
120,Henties Bay,NA,2020-11-26 17:43:29,-22.12,14.28,60.01,83,1,4.0
121,Asau,RO,2020-11-26 17:43:31,46.43,26.4,42.01,51,0,6.11
122,Puerto Ayora,EC,2020-11-26 17:43:31,-0.74,-90.35,77.0,73,75,11.41
123,Half Moon Bay,US,2020-11-26 17:43:31,37.46,-122.43,57.2,33,1,9.17
124,Butaritari,KI,2020-11-26 17:43:32,3.07,172.79,81.52,72,83,19.33
125,Port Macquarie,AU,2020-11-26 17:43:32,-31.43,152.92,61.0,100,3,4.7
126,East London,ZA,2020-11-26 17:43:32,-33.02,27.91,64.4,68,75,16.11
127,Caravelas,BR,2020-11-26 17:43:32,-17.71,-39.25,79.16,73,99,10.58
128,Victoria,HK,2020-11-26 17:40:45,22.29,114.16,73.0,85,0,11.18
129,Letka,RU,2020-11-26 17:43:34,59.6,49.42,14.65,97,63,4.05
130,Lamu,KE,2020-11-26 17:43:34,-2.27,40.9,82.4,78,20,5.82
131,Codrington,AU,2020-11-26 17:43:35,-38.27,141.97,47.37,91,100,9.73
132,Husavik,IS,2020-11-26 17:43:35,66.04,-17.34,32.0,88,75,21.92
133,Kavaratti,IN,2020-11-26 17:43:35,10.57,72.64,82.35,77,79,11.39
134,La Union,PE,2020-11-26 17:43:35,-5.4,-80.75,83.41,41,33,16.87
135,Morros,BR,2020-11-26 17:43:36,-9.45,-46.3,84.87,50,75,8.5
136,Senno,RU,2020-11-26 17:43:36,59.53,33.92,37.0,95,100,6.49
137,Aklavik,CA,2020-11-26 17:43:36,68.22,-135.01,1.4,84,90,4.7
138,Mar Del Plata,AR,2020-11-26 17:39:36,-38.0,-57.56,64.99,61,0,15.01
139,Porto Walter,BR,2020-11-26 17:43:37,-8.27,-72.74,86.02,69,99,3.15
140,Ternate,ID,2020-11-26 17:43:37,0.8,127.4,82.35,78,53,8.05
141,Fortuna,US,2020-11-26 17:43:37,40.6,-124.16,55.99,86,1,4.7
142,Cabedelo,BR,2020-11-26 17:43:02,-6.98,-34.83,87.8,58,40,14.99
143,Talikota,IN,2020-11-26 17:43:37,16.48,76.32,68.16,82,100,11.54
144,Georgetown,MY,2020-11-26 17:43:38,5.41,100.34,80.6,83,20,3.36
145,Matara,LK,2020-11-26 17:43:38,5.95,80.54,77.09,87,0,5.66
146,Bilma,NE,2020-11-26 17:43:38,18.69,12.92,69.04,24,0,6.31
147,Chuy,UY,2020-11-26 17:43:39,-33.7,-53.46,72.57,53,84,17.31
148,Hobart,AU,2020-11-26 17:43:39,-42.88,147.33,51.8,76,90,1.12
149,Airai,TL,2020-11-26 17:43:39,-8.93,125.41,62.33,100,99,1.14
150,Saint-Francois,FR,2020-11-26 17:43:40,46.42,3.91,48.2,81,0,3.36
151,Meulaboh,ID,2020-11-26 17:43:40,4.14,96.13,74.71,93,100,5.91
152,Urucara,BR,2020-11-26 17:41:36,-2.54,-57.76,91.42,51,47,5.1
153,Hobyo,SO,2020-11-26 17:43:40,5.35,48.53,81.32,78,15,17.85
154,Saskylakh,RU,2020-11-26 17:43:41,71.92,114.08,6.3,93,84,10.27
155,Krasnoselkup,RU,2020-11-26 17:43:41,65.7,82.47,12.72,96,100,12.26
156,Katherine,AU,2020-11-26 17:43:41,-14.47,132.27,86.0,62,68,10.29
157,Korla,CN,2020-11-26 17:40:31,41.76,86.15,23.05,81,73,5.39
158,Thunder Bay,CA,2020-11-26 17:40:48,48.4,-89.32,35.01,80,90,9.17
159,Geraldton,AU,2020-11-26 17:43:42,-28.77,114.6,66.2,63,7,17.22
160,Kalamare,BW,2020-11-26 17:43:43,-22.93,26.57,80.62,43,41,7.58
161,Eyl,SO,2020-11-26 17:43:43,7.98,49.82,77.18,76,57,19.75
162,Mama,RU,2020-11-26 17:43:43,58.31,112.9,7.32,88,100,4.18
163,Saint-Pierre,RE,2020-11-26 17:43:43,-21.34,55.48,77.0,69,48,12.75
164,Ponta Delgada,PT,2020-11-26 17:43:44,37.73,-25.67,57.2,71,75,12.75
165,Port Lincoln,AU,2020-11-26 17:43:44,-34.73,135.87,64.99,71,73,9.01
166,Rancho Palos Verdes,US,2020-11-26 17:42:13,33.74,-118.39,60.01,87,40,3.15
167,Arua,UG,2020-11-26 17:43:44,3.02,30.91,67.15,83,85,2.53
168,Vila Franca Do Campo,PT,2020-11-26 17:43:45,37.72,-25.43,57.2,71,75,12.75
169,Olinda,BR,2020-11-26 17:43:45,-8.01,-34.86,82.4,58,40,13.87
170,Fukue,JP,2020-11-26 17:39:46,32.69,128.84,61.45,70,82,12.73
171,Knysna,ZA,2020-11-26 17:43:45,-34.04,23.05,60.8,77,75,5.82
172,Lagoa,PT,2020-11-26 17:43:46,39.05,-27.98,60.6,72,92,8.61
173,Narsaq,GL,2020-11-26 17:43:46,60.92,-46.05,24.8,41,75,6.93
174,Kudahuvadhoo,MV,2020-11-26 17:43:46,2.67,72.89,81.63,80,41,13.62
175,Atambua,ID,2020-11-26 17:43:46,-9.11,124.89,76.57,83,86,2.95
176,Moyale,KE,2020-11-26 17:43:46,3.52,39.06,71.19,82,100,6.71
177,Roma,US,2020-11-26 17:43:47,43.21,-75.46,52.0,87,90,4.7
178,Marau,BR,2020-11-26 17:43:47,-28.45,-52.2,70.61,89,100,7.65
179,Guerrero Negro,MX,2020-11-26 17:43:47,27.98,-114.06,65.97,60,74,11.97
180,Sao Joao Da Barra,BR,2020-11-26 17:43:47,-21.64,-41.05,82.4,61,20,18.34
181,Bethel,US,2020-11-26 17:43:48,41.37,-73.41,60.01,96,99,8.23
182,Torbay,CA,2020-11-26 17:43:48,47.67,-52.73,39.99,95,90,12.75
183,Aswan,EG,2020-11-26 17:43:48,24.09,32.91,65.68,37,0,10.71
184,Dhar,IN,2020-11-26 17:43:48,22.6,75.3,66.29,36,72,13.38
185,Kushima,JP,2020-11-26 17:40:28,31.46,131.23,57.96,85,16,4.85
186,Hasaki,JP,2020-11-26 17:43:49,35.73,140.83,55.4,82,75,10.29
187,Basoko,CD,2020-11-26 17:43:49,1.24,23.62,76.82,76,100,1.79
188,Port Hedland,AU,2020-11-26 17:43:49,-20.32,118.57,78.8,88,0,6.93
189,Hambantota,LK,2020-11-26 17:43:49,6.12,81.12,79.0,80,8,9.1
190,Kota Bahru,MY,2020-11-26 17:43:50,6.13,102.24,80.6,88,40,12.75
191,Hithadhoo,MV,2020-11-26 17:43:50,-0.6,73.08,82.58,78,100,13.13
192,Nuenen,NL,2020-11-26 17:43:51,51.47,5.55,48.0,93,90,2.24
193,Benghazi,LY,2020-11-26 17:43:16,32.12,20.07,64.63,67,31,11.86
194,Capreol,CA,2020-11-26 17:43:51,46.71,-80.92,36.0,100,90,2.24
195,Arys,KZ,2020-11-26 17:43:52,42.43,68.8,39.2,60,100,6.71
196,Ballina,AU,2020-11-26 17:43:52,-28.87,153.57,63.0,93,11,2.8
197,Petropavlovsk-Kamchatskiy,RU,2020-11-26 17:43:52,53.05,158.65,8.6,84,66,6.71
198,Sidi Ali,DZ,2020-11-26 17:43:52,36.1,0.42,64.29,44,64,15.57
199,Deputatskiy,RU,2020-11-26 17:43:52,69.3,139.9,-8.32,90,95,10.13
200,Longford,IE,2020-11-26 17:43:53,53.73,-7.8,39.36,97,100,5.08
201,Beloha,MG,2020-11-26 17:43:53,-25.17,45.05,72.84,77,0,3.85
202,Dalaba,GN,2020-11-26 17:43:53,10.7,-12.25,71.02,34,64,1.07
203,Dakar,SN,2020-11-26 17:43:53,14.69,-17.44,84.2,51,0,16.11
204,Laguna,US,2020-11-26 17:43:54,38.42,-121.42,55.0,43,1,19.46
205,Severo-Kurilsk,RU,2020-11-26 17:43:54,50.68,156.12,27.19,88,82,27.18
206,Bood,PH,2020-11-26 17:43:54,9.75,123.83,80.6,83,20,2.24
207,Esperance,AU,2020-11-26 17:43:54,-33.87,121.9,64.4,88,90,20.8
208,Kalyazin,RU,2020-11-26 17:43:54,57.24,37.84,33.66,97,100,10.71
209,Grand Gaube,MU,2020-11-26 17:43:55,-20.01,57.66,75.99,76,13,5.99
210,Port Hardy,CA,2020-11-26 17:40:37,50.7,-127.42,42.8,93,90,17.22
211,Clyde River,CA,2020-11-26 17:43:55,70.47,-68.59,1.4,70,75,11.41
212,Anan,JP,2020-11-26 17:43:56,33.92,134.65,53.6,81,20,8.05
213,Coahuayana,MX,2020-11-26 17:43:56,18.73,-103.68,78.8,69,40,5.48
214,Neuquen,AR,2020-11-26 17:43:56,-38.95,-68.06,71.6,16,0,5.82
215,Lorengau,PG,2020-11-26 17:43:56,-2.02,147.27,80.15,79,75,3.8
216,Adre,TD,2020-11-26 17:43:57,13.47,22.2,73.72,25,0,5.88
217,Ahipara,NZ,2020-11-26 17:43:57,-35.17,173.17,59.7,88,33,7.56
218,Takanosu,JP,2020-11-26 17:43:57,40.22,140.37,32.79,92,22,0.67
219,Ponta Do Sol,PT,2020-11-26 17:43:57,32.67,-17.1,59.0,62,75,14.99
220,Cidreira,BR,2020-11-26 17:43:57,-30.18,-50.21,80.89,70,90,2.93
221,Pemangkat,ID,2020-11-26 17:43:58,1.17,108.97,75.67,90,100,7.14
222,Srednekolymsk,RU,2020-11-26 17:43:58,67.45,153.68,16.86,96,100,22.59
223,Pozo Colorado,PY,2020-11-26 17:43:58,-23.49,-58.8,102.29,29,89,10.42
224,San Patricio,US,2020-11-26 17:43:59,28.02,-97.52,80.6,65,40,4.7
225,Dubrovka,RU,2020-11-26 17:43:59,53.69,33.51,37.96,95,100,10.33
226,Belfast,GB,2020-11-26 17:43:59,54.58,-5.93,46.4,70,98,5.82
227,Port Hawkesbury,CA,2020-11-26 17:43:59,45.62,-61.35,46.99,100,90,4.7
228,Khorosheve,UA,2020-11-26 17:44:00,49.85,36.22,39.2,86,90,4.47
229,Nipawin,CA,2020-11-26 17:44:00,53.37,-104.0,17.6,78,90,8.05
230,Tazovskiy,RU,2020-11-26 17:44:00,67.47,78.7,4.33,95,97,8.63
231,Bambous Virieux,MU,2020-11-26 17:44:00,-20.34,57.76,75.99,78,40,6.93
232,Okha,RU,2020-11-26 17:44:01,53.57,142.95,14.59,96,97,11.83
233,Paracuru,BR,2020-11-26 17:44:01,-3.41,-39.03,82.99,69,51,21.0
234,Talnakh,RU,2020-11-26 17:44:01,69.49,88.4,15.8,92,75,20.13
235,Claveria,PH,2020-11-26 17:44:02,18.61,121.08,77.9,84,95,19.48
236,Upernavik,GL,2020-11-26 17:44:02,72.79,-56.15,10.29,94,100,1.54
237,Griffin,US,2020-11-26 17:41:39,33.25,-84.26,72.0,93,90,3.36
238,Redcar,GB,2020-11-26 17:39:36,54.62,-1.06,44.01,79,0,3.0
239,Waipawa,NZ,2020-11-26 17:44:03,-41.41,175.52,61.0,87,35,18.34
240,Gamba,GA,2020-11-26 17:44:03,-2.65,10.0,76.62,86,97,9.51
241,Ladario,BR,2020-11-26 17:44:04,-19.0,-57.6,102.2,37,0,9.17
242,Flinders,AU,2020-11-26 17:44:04,-34.58,150.86,60.01,86,15,7.02
243,Faya,SA,2020-11-26 17:44:04,18.39,42.45,60.8,87,40,4.7
244,Constitucion,CL,2020-11-26 17:39:27,-35.33,-72.42,69.22,36,0,19.57
245,Kurilsk,RU,2020-11-26 17:44:05,45.23,147.88,30.67,92,98,24.45
246,Kutum,SD,2020-11-26 17:44:05,14.2,24.67,67.19,28,0,1.07
247,Chapais,CA,2020-11-26 17:43:51,49.78,-74.85,26.6,92,90,9.17
248,San Policarpo,PH,2020-11-26 17:44:05,12.18,125.51,81.43,82,98,8.1
249,Zuwarah,LY,2020-11-26 17:44:06,32.93,12.08,66.09,67,39,3.02
250,Cockburn Town,TC,2020-11-26 17:44:06,21.46,-71.14,80.6,69,40,11.41
251,Bodden Town,KY,2020-11-26 17:44:06,19.28,-81.25,84.2,66,75,18.34
252,Kostomuksha,RU,2020-11-26 17:44:07,64.57,30.58,27.46,99,95,2.3
253,Emirdag,TR,2020-11-26 17:44:07,39.02,31.15,34.54,82,0,0.63
254,Saldanha,ZA,2020-11-26 17:44:07,-33.01,17.94,66.2,55,0,16.11
255,Sur,OM,2020-11-26 17:44:08,22.57,59.53,72.16,59,0,5.73
256,Sitka,US,2020-11-26 17:44:08,57.05,-135.33,41.0,80,90,6.93
257,Puerto Penasco,MX,2020-11-26 17:44:09,31.32,-113.53,66.0,36,0,1.34
258,Shimoda,JP,2020-11-26 17:44:09,34.67,138.95,51.01,85,42,1.99
259,Sao Filipe,CV,2020-11-26 17:44:11,14.9,-24.5,79.36,66,89,16.31
260,Russell,US,2020-11-26 17:44:11,32.35,-85.2,69.8,94,90,4.88
261,Matay,EG,2020-11-26 17:44:11,28.42,30.78,60.39,55,53,6.85
262,Angul,IN,2020-11-26 17:44:11,20.85,85.1,69.8,50,100,2.71
263,Muscat,OM,2020-11-26 17:44:12,23.61,58.59,73.4,53,0,11.41
264,Bratsk,RU,2020-11-26 17:44:13,56.13,101.61,6.8,92,29,4.47
265,Vardo,NO,2020-11-26 17:44:13,70.37,31.11,30.2,86,0,8.05
266,Hamilton,US,2020-11-26 17:40:43,39.18,-84.53,53.6,76,90,8.05
267,Kieta,PG,2020-11-26 17:44:13,-6.22,155.63,78.91,74,91,5.35
268,Riyadh,SA,2020-11-26 17:41:34,24.69,46.72,71.6,33,0,3.36
269,La Roche-Sur-Yon,FR,2020-11-26 17:40:24,46.67,-1.43,51.8,81,0,4.7
270,Hervey Bay,AU,2020-11-26 17:44:14,-25.3,152.85,69.01,85,33,3.0
271,Yambio,SS,2020-11-26 17:44:15,4.57,28.4,75.09,70,65,3.44
272,Kamenka,RU,2020-11-26 17:44:15,51.32,42.77,27.0,94,83,3.06
273,Kahului,US,2020-11-26 17:43:02,20.89,-156.47,75.2,69,20,11.41
274,Isangel,VU,2020-11-26 17:44:17,-19.55,169.27,76.55,81,46,3.83
275,San Quintin,MX,2020-11-26 17:44:17,30.48,-115.95,62.58,61,58,6.67
276,Katangli,RU,2020-11-26 17:44:17,51.71,143.23,9.28,84,1,16.8
277,Ola,RU,2020-11-26 17:44:17,59.58,151.28,10.33,82,100,11.7
278,Montepuez,MZ,2020-11-26 17:44:18,-13.13,39.0,77.29,61,100,9.46
279,Umm Kaddadah,SD,2020-11-26 17:44:19,13.6,26.69,77.23,18,0,13.0
280,Rio Gallegos,AR,2020-11-26 17:44:19,-51.62,-69.22,64.4,20,40,16.11
281,Galle,LK,2020-11-26 17:44:19,6.04,80.22,78.6,84,0,5.1
282,Hoover,US,2020-11-26 17:41:00,33.41,-86.81,68.0,55,1,3.69
283,Adrar,MR,2020-11-26 17:44:21,20.5,-10.07,71.44,20,92,6.04
284,Touros,BR,2020-11-26 17:44:22,-5.2,-35.46,86.0,55,40,18.34
285,Calabozo,VE,2020-11-26 17:44:23,8.92,-67.43,84.97,72,77,4.99
286,Klaksvik,FO,2020-11-26 17:44:23,62.23,-6.59,46.4,93,100,25.28
287,Safaga,EG,2020-11-26 17:44:25,26.73,33.94,68.7,55,0,10.92
288,Nelson Bay,AU,2020-11-26 17:44:25,-32.72,152.15,69.01,82,90,17.22
289,Krasnokholm,RU,2020-11-26 17:44:26,51.6,54.16,24.91,98,92,4.76
290,San Cristobal,VE,2020-11-26 17:43:15,7.77,-72.22,78.8,88,75,2.24
291,Iqaluit,CA,2020-11-26 17:44:27,63.75,-68.51,10.4,72,90,8.05
292,Havre-Saint-Pierre,CA,2020-11-26 17:44:28,50.23,-63.6,24.8,68,1,9.17
293,Woodward,US,2020-11-26 17:44:28,36.43,-99.39,48.2,42,1,5.82
294,Soyo,AO,2020-11-26 17:44:28,-6.13,12.37,78.57,82,68,9.22
295,Kraksaan,ID,2020-11-26 17:44:29,-7.76,113.4,78.44,81,100,4.99
296,Luderitz,NA,2020-11-26 17:44:29,-26.65,15.16,68.0,56,0,21.92
297,Norman Wells,CA,2020-11-26 17:44:30,65.28,-126.83,10.4,72,75,4.7
298,Zaragoza,ES,2020-11-26 17:44:31,41.66,-0.88,59.0,93,40,3.36
299,Shekhupura,PK,2020-11-26 17:44:31,31.71,73.98,57.2,76,0,7.83
300,Auki,SB,2020-11-26 17:44:32,-8.77,160.7,77.27,78,19,3.67
301,Bardiyah,LY,2020-11-26 17:44:32,31.76,25.09,61.41,73,37,9.08
302,Kambove,CD,2020-11-26 17:44:33,-10.88,26.6,65.55,91,48,2.13
303,Ugoofaaru,MV,2020-11-26 17:44:34,5.67,73.0,82.65,67,47,10.58
304,Graham,US,2020-11-26 17:44:34,47.05,-122.29,46.0,93,90,4.7
305,Azare,NG,2020-11-26 17:44:34,11.68,10.19,81.39,23,2,7.02
306,Bentiu,SS,2020-11-26 17:44:34,9.23,29.83,83.26,23,46,4.97
307,Broken Hill,AU,2020-11-26 17:44:35,-31.95,141.43,82.4,21,0,13.87
308,Mayo,US,2020-11-26 17:44:36,38.89,-76.51,69.01,82,1,8.05
309,Gat,IL,2020-11-26 17:41:02,31.61,34.76,59.0,100,9,1.03
310,Tezu,IN,2020-11-26 17:44:36,27.92,96.17,65.37,32,100,3.31
311,Cabo San Lucas,MX,2020-11-26 17:42:07,22.89,-109.91,82.0,54,40,3.36
312,Arcata,US,2020-11-26 17:42:46,40.87,-124.08,43.0,86,1,4.7
313,Teahupoo,PF,2020-11-26 17:44:37,-17.83,-149.27,78.8,94,40,5.82
314,Cabanas,CU,2020-11-26 17:44:38,22.98,-82.92,82.4,51,0,8.05
315,Vagay,RU,2020-11-26 17:44:38,57.94,69.02,9.37,96,100,6.42
316,Acapulco,MX,2020-11-26 17:43:15,16.86,-99.89,86.0,66,5,9.17
317,Cruzeiro Do Sul,BR,2020-11-26 17:44:39,-29.51,-51.99,80.01,66,100,3.56
318,Erenhot,CN,2020-11-26 17:44:39,43.65,111.98,7.77,95,64,7.96
319,Hirara,JP,2020-11-26 17:44:39,24.8,125.28,74.79,73,62,17.94
320,Wangqing,CN,2020-11-26 17:43:55,43.32,129.76,17.02,91,96,1.54
321,Savannah Bight,HN,2020-11-26 17:44:40,16.45,-85.85,82.99,78,40,6.93
322,Borogontsy,RU,2020-11-26 17:44:40,62.67,131.17,-15.32,89,100,4.97
323,Birakan,RU,2020-11-26 17:44:41,49.02,131.7,7.02,89,14,7.56
324,Bambanglipuro,ID,2020-11-26 17:44:42,-7.95,110.28,77.79,79,99,6.22
325,Qaqortoq,GL,2020-11-26 17:44:42,60.72,-46.03,24.8,41,75,6.93
326,Coihaique,CL,2020-11-26 17:44:43,-45.58,-72.07,51.8,62,90,5.82
327,Coffs Harbour,AU,2020-11-26 17:42:32,-30.3,153.13,62.6,93,0,3.36
328,Pangnirtung,CA,2020-11-26 17:44:43,66.15,-65.71,5.0,65,40,12.75
329,La Asuncion,VE,2020-11-26 17:44:43,11.03,-63.86,82.26,73,53,15.48
330,Egvekinot,RU,2020-11-26 17:44:44,66.32,-179.17,14.4,93,50,7.65
331,Pevek,RU,2020-11-26 17:44:44,69.7,170.31,25.84,95,100,18.25
332,Pedasi,PA,2020-11-26 17:44:45,7.53,-80.03,82.22,75,99,5.61
333,Katsuura,JP,2020-11-26 17:44:46,35.13,140.3,55.99,82,75,13.87
334,Vytegra,RU,2020-11-26 17:44:46,61.01,36.45,33.12,94,100,10.13
335,Dingle,PH,2020-11-26 17:44:46,11.0,122.67,75.85,89,86,6.51
336,Bayir,TR,2020-11-26 17:44:46,37.27,28.22,53.6,27,0,5.82
337,San Rafael,AR,2020-11-26 17:44:47,-34.62,-68.33,73.17,20,10,14.18
338,Kalabagh,PK,2020-11-26 17:44:47,32.97,71.56,57.22,52,0,2.19
339,Kodiak,US,2020-11-26 17:44:47,57.79,-152.41,37.4,74,90,9.78
340,Port-Gentil,GA,2020-11-26 17:44:47,-0.72,8.78,80.6,88,75,10.29
341,Khatanga,RU,2020-11-26 17:44:48,71.97,102.5,11.25,95,99,12.08
342,Bekhteyevka,RU,2020-11-26 17:44:48,50.81,37.21,37.4,86,75,6.71
343,Morro Bay,US,2020-11-26 17:44:49,35.37,-120.85,59.0,49,0,4.0
344,Mahibadhoo,MV,2020-11-26 17:44:49,3.78,72.97,82.58,73,55,13.02
345,Una,IN,2020-11-26 17:44:20,20.82,71.03,77.11,37,48,14.58
346,Tiksi,RU,2020-11-26 17:44:50,71.69,128.87,-2.51,91,87,8.39
347,Singapore,SG,2020-11-26 17:43:57,1.29,103.85,78.8,94,75,7.18
348,Rajpur,IN,2020-11-26 17:44:50,22.3,74.35,72.43,33,90,9.6
349,Mastic Beach,US,2020-11-26 17:44:51,40.77,-72.85,60.8,82,90,12.75
350,Vanavara,RU,2020-11-26 17:44:51,60.34,102.28,1.26,93,32,5.3
351,Vanimo,PG,2020-11-26 17:44:52,-2.67,141.3,78.6,82,91,5.77
352,Necochea,AR,2020-11-26 17:44:52,-38.55,-58.74,66.99,54,0,17.4
353,Sukhobezvodnoye,RU,2020-11-26 17:44:53,57.05,44.89,27.3,97,98,5.35
354,Bontang,ID,2020-11-26 17:44:53,0.13,117.5,79.27,82,15,3.51
355,Paamiut,GL,2020-11-26 17:44:54,61.99,-49.67,25.97,91,83,10.11
356,Byron Bay,AU,2020-11-26 17:44:54,-28.65,153.62,63.0,93,20,1.74
357,Victor Harbor,AU,2020-11-26 17:44:54,-35.57,138.62,72.0,52,54,5.99
358,Vostok,RU,2020-11-26 17:44:55,46.49,135.88,1.45,95,76,5.17
359,Jiayuguan,CN,2020-11-26 17:44:55,39.82,98.3,15.13,85,70,4.21
360,Skjervoy,NO,2020-11-26 17:44:56,70.03,20.97,19.4,85,0,8.05
361,Svetlaya,RU,2020-11-26 17:44:56,46.54,138.33,16.2,85,0,7.31
362,Tabuk,PH,2020-11-26 17:44:57,17.42,121.44,73.53,91,95,5.19
363,Bacolod,PH,2020-11-26 17:44:57,10.67,122.95,78.37,83,96,8.61
364,Punta Alta,AR,2020-11-26 17:41:39,-38.88,-62.07,71.53,21,0,5.3
365,Ust-Kuyga,RU,2020-11-26 17:44:58,70.02,135.6,-9.9,89,100,3.4
366,Natal,BR,2020-11-26 17:44:59,-5.79,-35.21,86.0,58,20,19.46
367,Marrakesh,MA,2020-11-26 17:41:57,31.63,-8.01,53.6,66,75,11.41
368,Sinnamary,GF,2020-11-26 17:45:00,5.38,-52.95,82.83,76,25,10.2
369,Moba,CN,2020-11-26 17:45:00,33.23,105.02,31.96,93,100,3.33
370,Abu Dhabi,AE,2020-11-26 17:41:48,24.47,54.37,77.0,61,0,6.93
371,Lishan,CN,2020-11-26 17:45:01,31.86,113.3,40.98,79,75,4.18
372,Longyan,CN,2020-11-26 17:45:03,25.11,117.02,59.85,84,85,3.62
373,La Ronge,CA,2020-11-26 17:45:04,55.1,-105.28,12.2,78,73,9.17
374,Balabac,PH,2020-11-26 17:45:05,7.99,117.06,80.87,80,75,8.34
375,Gondanglegi,ID,2020-11-26 17:45:05,-7.75,112.01,75.74,84,97,8.01
376,Jacareacanga,BR,2020-11-26 17:44:03,-6.22,-57.75,87.8,66,75,3.36
377,Eatonton,US,2020-11-26 17:45:06,33.33,-83.39,73.99,75,86,6.17
378,Faridpur,BD,2020-11-26 17:45:08,23.6,89.83,73.4,73,40,5.61
379,Komsomolskiy,UZ,2020-11-26 17:45:09,40.43,71.72,30.2,80,100,4.7
380,Marti,CU,2020-11-26 17:45:10,22.95,-80.92,82.4,58,20,8.05
381,Bathsheba,BB,2020-11-26 17:45:10,13.22,-59.52,86.0,66,40,20.8
382,Aykhal,RU,2020-11-26 17:45:11,66.0,111.5,1.4,91,90,4.47
383,Alenquer,BR,2020-11-26 17:45:12,-1.94,-54.74,75.2,100,90,11.41
384,Vigrestad,NO,2020-11-26 17:45:12,58.57,5.7,39.2,93,20,4.7
385,Bom Jardim,BR,2020-11-26 17:45:02,-7.8,-35.59,86.0,51,40,18.34
386,Port Said,EG,2020-11-26 17:45:17,31.26,32.28,64.4,77,40,5.82
387,Katakwi,UG,2020-11-26 17:45:18,1.89,33.97,77.04,56,91,3.22
388,Anloga,GH,2020-11-26 17:45:19,5.79,0.9,84.2,79,20,11.41
389,Odweyne,SO,2020-11-26 17:45:19,9.41,45.06,74.84,63,74,5.21
390,Japura,ID,2020-11-26 17:45:20,-0.32,102.35,74.37,96,100,2.01
391,Saint George,US,2020-11-26 17:45:20,37.1,-113.58,48.99,36,1,11.41
392,Tuatapere,NZ,2020-11-26 17:45:21,-46.13,167.68,54.0,79,70,18.01
393,Ostrovnoy,RU,2020-11-26 17:45:22,68.05,39.51,28.92,95,100,10.47
394,Sola,VU,2020-11-26 17:45:23,-13.88,167.55,78.19,87,11,4.97
395,Amapa,BR,2020-11-26 17:45:23,1.0,-52.0,86.7,62,35,6.71
396,Keti Bandar,PK,2020-11-26 17:45:24,24.14,67.45,69.71,40,0,18.68
397,Merauke,ID,2020-11-26 17:45:24,-8.47,140.33,76.5,89,96,4.45
398,Vechta,DE,2020-11-26 17:45:25,52.72,8.28,46.99,93,100,2.68
399,Cururupu,BR,2020-11-26 17:45:25,-1.83,-44.87,87.82,57,91,8.25
400,Capinzal,BR,2020-11-26 17:45:26,-27.34,-51.61,83.21,51,99,4.05
401,Kholtoson,RU,2020-11-26 17:45:26,50.3,103.31,-0.69,90,75,1.63
402,Kuching,MY,2020-11-26 17:45:27,1.55,110.33,75.2,100,40,2.24
403,Kamaishi,JP,2020-11-26 17:45:27,39.27,141.88,39.38,72,58,7.34
404,Tatawin,TN,2020-11-26 17:45:28,32.93,10.45,62.6,72,40,4.7
405,Shirgaon,IN,2020-11-26 17:45:28,19.7,72.7,77.2,52,37,12.24
406,Sambava,MG,2020-11-26 17:42:09,-14.27,50.17,76.62,84,93,10.54
407,Oksfjord,NO,2020-11-26 17:45:30,70.24,22.35,32.0,85,0,4.7
408,Sobolevo,RU,2020-11-26 17:45:31,54.43,31.9,34.75,88,99,11.1
409,Chegdomyn,RU,2020-11-26 17:45:31,51.12,133.02,-1.59,90,76,1.81
410,Wyndham,US,2020-11-26 17:45:32,37.7,-77.61,73.0,68,75,12.75
411,Hualmay,PE,2020-11-26 17:45:32,-11.1,-77.61,68.88,67,59,9.48
412,Alta,NO,2020-11-26 17:45:33,69.97,23.27,19.4,85,0,4.7
413,Syracuse,IT,2020-11-26 17:45:33,37.09,15.28,62.6,77,40,8.05
414,Zamora,EC,2020-11-26 17:42:22,-4.07,-78.96,87.8,35,90,6.93
415,Ormara,PK,2020-11-26 17:45:34,25.21,64.64,75.18,46,0,16.44
416,Coquimbo,CL,2020-11-26 17:45:34,-29.95,-71.34,64.4,68,75,14.99
417,Palatka,US,2020-11-26 17:43:06,29.65,-81.64,80.01,30,0,4.0
418,Mount Gambier,AU,2020-11-26 17:45:35,-37.83,140.77,48.2,87,99,5.82
419,Fairbanks,US,2020-11-26 17:45:36,64.84,-147.72,21.2,85,90,2.8
420,Palauig,PH,2020-11-26 17:45:36,15.44,119.9,80.15,69,1,3.87
421,Seoul,KR,2020-11-26 17:45:36,37.57,126.98,39.2,80,90,1.5
422,Florence,IT,2020-11-26 17:43:15,43.77,11.25,52.0,87,40,2.24
423,Ancud,CL,2020-11-26 17:45:37,-41.87,-73.82,63.0,54,75,13.87
424,Abeche,TD,2020-11-26 17:45:38,13.83,20.83,79.77,16,4,8.81
425,Moron,AR,2020-11-26 17:45:39,-34.65,-58.62,78.01,21,0,4.0
426,Chifeng,CN,2020-11-26 17:45:39,42.27,118.96,9.37,88,47,3.74
427,Poum,NC,2020-11-26 17:45:39,-20.23,164.02,76.6,78,19,15.17
428,Glyadyanskoye,RU,2020-11-26 17:45:41,54.91,65.09,12.92,96,100,6.69
429,Te Anau,NZ,2020-11-26 17:45:41,-45.42,167.72,46.9,85,49,4.9
430,Porto Novo,BJ,2020-11-26 17:45:41,6.5,2.6,84.2,79,40,13.87
431,Jatai,BR,2020-11-26 17:45:42,-17.88,-51.71,86.11,42,41,6.31
432,Majur,RS,2020-11-26 17:45:43,44.77,19.65,39.0,88,0,1.99
433,Imeni Poliny Osipenko,RU,2020-11-26 17:45:44,52.42,136.49,0.18,85,95,3.62
434,Ketchikan,US,2020-11-26 17:45:45,55.34,-131.65,41.0,86,40,9.17
435,Ostersund,SE,2020-11-26 17:45:45,63.18,14.64,35.6,93,0,12.75
436,Salinopolis,BR,2020-11-26 17:43:07,-0.61,-47.36,84.54,68,81,12.5
437,Fairview,US,2020-11-26 17:45:46,40.81,-74.0,64.99,77,90,5.82
438,Mayor Pablo Lagerenza,PY,2020-11-26 17:45:47,-19.93,-60.77,98.22,34,75,11.39
439,Makat,KZ,2020-11-26 17:45:47,47.65,53.35,28.76,97,43,1.25
440,Tenkodogo,BF,2020-11-26 17:45:48,11.78,-0.37,84.81,19,0,4.59
441,Jizan,SA,2020-11-26 17:45:48,17.33,42.67,84.2,74,40,4.7
442,Tuy Hoa,VN,2020-11-26 17:45:49,13.08,109.3,75.47,89,98,10.69
443,Carnaiba,BR,2020-11-26 17:45:49,-8.7,-37.67,89.67,36,98,15.19
444,Vao,NC,2020-11-26 17:45:49,-22.67,167.48,73.29,80,33,11.92
445,Intibuca,HN,2020-11-26 17:45:50,14.32,-88.17,84.2,45,75,6.93
446,Tilichiki,RU,2020-11-26 17:45:50,60.47,166.1,-0.63,93,93,5.64
447,Lobito,AO,2020-11-26 17:45:52,-12.35,13.55,77.0,82,100,2.35
448,Doha,QA,2020-11-26 17:44:02,25.29,51.53,77.0,69,0,5.82
449,Sokolo,ML,2020-11-26 17:45:53,14.73,-6.12,79.23,15,27,8.14
450,Okakarara,NA,2020-11-26 17:45:53,-20.58,17.43,88.29,16,0,6.71
451,Falkenberg,SE,2020-11-26 17:45:54,56.91,12.49,42.8,87,0,5.82
452,Bardsir,IR,2020-11-26 17:45:55,29.92,56.57,50.0,21,0,6.93
453,Virginia Beach,US,2020-11-26 17:41:53,36.85,-75.98,73.4,69,75,14.99
454,Tura,IN,2020-11-26 17:45:56,25.52,90.22,65.17,60,100,3.29
455,Kyzyl-Suu,KG,2020-11-26 17:45:56,42.34,78.01,24.98,80,55,10.65
456,Jinka,ET,2020-11-26 17:45:58,5.65,36.65,66.33,82,83,2.1
457,Aksarka,RU,2020-11-26 17:45:59,66.56,67.8,8.67,96,98,7.36
458,Coolum Beach,AU,2020-11-26 17:45:59,-26.53,153.1,66.0,94,15,1.77
459,Zhigansk,RU,2020-11-26 17:45:59,66.77,123.37,-6.39,91,81,8.1
460,Gushikawa,JP,2020-11-26 17:46:00,26.35,127.87,69.8,88,1,4.7
461,Ambilobe,MG,2020-11-26 17:46:01,-13.2,49.05,79.25,72,66,2.1
462,Nabire,ID,2020-11-26 17:46:01,-3.37,135.48,75.6,93,100,2.73
463,Mbanza-Ngungu,CD,2020-11-26 17:46:02,-5.25,14.87,71.31,96,97,2.98
464,Hwange,ZW,2020-11-26 17:46:02,-18.37,26.5,76.96,60,60,4.16
465,Abaete,BR,2020-11-26 17:46:02,-19.16,-45.45,81.54,54,25,6.44
466,Uglich,RU,2020-11-26 17:46:03,57.53,38.33,31.44,99,100,10.78
467,Champa,IN,2020-11-26 17:46:03,22.05,82.65,66.09,66,100,6.67
468,Bozoum,CF,2020-11-26 17:46:03,6.32,16.38,76.95,39,28,2.48
469,Ibra,OM,2020-11-26 17:46:04,22.69,58.53,60.8,57,0,5.03
470,Praia Da Vitoria,PT,2020-11-26 17:45:37,38.73,-27.07,62.6,100,75,12.44
471,Santa Teresa,VE,2020-11-26 17:46:04,10.23,-66.66,86.0,74,40,4.7
472,Beyneu,KZ,2020-11-26 17:46:05,45.32,55.2,34.39,87,78,5.77
473,Sioux Lookout,CA,2020-11-26 17:46:05,50.1,-91.92,30.2,86,90,11.41
474,Linfen,CN,2020-11-26 17:46:05,36.09,111.52,35.42,80,36,2.71
475,Khasan,RU,2020-11-26 17:46:06,42.43,130.64,29.82,80,96,5.35
476,Praxedis Guerrero,MX,2020-11-26 17:46:06,31.37,-106.02,59.0,20,5,6.93
477,Constantine,DZ,2020-11-26 17:46:06,36.37,6.61,53.6,58,40,5.82
478,Buala,SB,2020-11-26 17:46:07,-8.14,159.59,79.0,76,44,3.22
479,Alexandria,EG,2020-11-26 17:44:00,31.22,29.96,66.02,61,31,4.41
480,Yuncheng,CN,2020-11-26 17:46:07,35.02,110.99,34.81,86,38,1.92
481,Sanchor,IN,2020-11-26 17:46:07,24.76,71.77,69.69,34,0,14.07
482,Loandjili,CG,2020-11-26 17:46:08,-4.76,11.86,78.8,88,75,4.7
483,Port Blair,IN,2020-11-26 17:46:08,11.67,92.75,81.12,81,20,9.24
484,Nuuk,GL,2020-11-26 17:46:08,64.18,-51.72,23.0,92,75,3.36
485,Kedrovyy,RU,2020-11-26 17:46:09,56.17,91.82,-0.4,91,0,3.6
486,Antofagasta,CL,2020-11-26 17:46:09,-23.65,-70.4,71.01,60,40,11.41
487,North Branch,US,2020-11-26 17:46:10,45.51,-92.98,34.0,96,99,5.01
488,San Andres,CO,2020-11-26 17:46:10,12.58,-81.7,87.8,74,40,12.75
489,Aktas,KZ,2020-11-26 17:46:11,49.78,72.96,-2.2,84,0,8.95
490,Wloszczowa,PL,2020-11-26 17:46:11,50.85,19.97,35.01,77,0,8.61
491,Mogadishu,SO,2020-11-26 17:46:12,2.04,45.34,81.28,81,8,18.05
492,Nouakchott,MR,2020-11-26 17:46:13,18.09,-15.98,78.8,47,0,17.22
493,Nantucket,US,2020-11-26 17:42:45,41.28,-70.1,57.2,93,90,17.22
494,Elie,GB,2020-11-26 17:46:14,56.19,-2.82,41.0,80,40,5.82
495,Nalut,LY,2020-11-26 17:46:14,30.33,10.85,62.29,43,29,9.1
496,Hofn,IS,2020-11-26 17:46:15,64.25,-15.21,32.0,74,20,8.05
497,General Roca,AR,2020-11-26 17:46:15,-39.03,-67.58,71.6,16,0,5.82
498,Panaba,MX,2020-11-26 17:46:16,21.28,-88.27,83.57,67,0,7.54
499,Jiuquan,CN,2020-11-26 17:46:16,39.74,98.52,18.0,86,58,3.0
500,Kailua,US,2020-11-26 17:42:01,21.4,-157.74,77.0,73,75,4.7
501,Khash,IR,2020-11-26 17:46:17,28.22,61.22,46.4,42,0,1.9
502,Strezhevoy,RU,2020-11-26 17:46:18,60.73,77.59,15.8,85,90,6.71
503,Kibala,TD,2020-11-26 17:46:18,9.11,18.35,84.2,39,0,3.42
504,Yeban,PH,2020-11-26 17:46:18,17.02,121.94,73.53,96,100,4.36
505,Grinnell,US,2020-11-26 17:46:18,41.74,-92.72,48.2,66,1,17.22
506,Zabid,YE,2020-11-26 17:46:19,14.2,43.32,84.07,56,6,1.59
507,Rio Grande,BR,2020-11-26 17:42:22,-32.03,-52.1,82.4,58,40,11.41
508,Landskrona,SE,2020-11-26 17:46:19,55.87,12.83,45.0,91,44,14.85
509,Binzhou,CN,2020-11-26 17:46:20,37.37,118.02,36.55,78,30,3.78
510,Gumdag,TM,2020-11-26 17:46:20,39.21,54.59,50.36,54,100,13.44
511,Bandarbeyla,SO,2020-11-26 17:46:20,9.49,50.81,75.9,76,0,15.68
512,De-Kastri,RU,2020-11-26 17:46:20,51.47,140.78,10.13,79,26,9.1
513,Colac,AU,2020-11-26 17:46:21,-38.33,143.58,48.99,92,89,1.01
514,Ivangorod,RU,2020-11-26 17:46:22,59.37,28.22,42.3,88,100,6.64
515,Jurm,AF,2020-11-26 17:46:22,36.86,70.83,38.46,59,100,6.76
516,Cacapava Do Sul,BR,2020-11-26 17:46:22,-30.51,-53.49,76.21,75,100,5.03
517,Chimore,BO,2020-11-26 17:46:22,-16.98,-65.13,92.7,44,77,4.21
518,Copiapo,CL,2020-11-26 17:42:45,-27.37,-70.33,68.0,29,75,13.87
519,Pisco,PE,2020-11-26 17:46:23,-13.7,-76.22,66.99,82,20,6.93
520,Angoche,MZ,2020-11-26 17:46:24,-16.23,39.91,80.82,75,47,12.17
521,Patti,IN,2020-11-26 17:46:24,31.28,74.86,57.2,82,0,7.76
522,Nyurba,RU,2020-11-26 17:46:24,63.28,118.33,-7.85,90,50,5.59
523,College,US,2020-11-26 17:46:24,64.86,-147.8,19.0,97,100,3.44
524,Chara,RU,2020-11-26 17:46:26,56.91,118.26,-8.37,77,11,1.66
525,Saint-Joseph,RE,2020-11-26 17:46:26,-21.37,55.62,77.0,69,57,12.75
526,Arrifes,PT,2020-11-26 17:46:26,37.77,-25.7,57.2,71,75,12.75
527,Mareeba,AU,2020-11-26 17:46:27,-17.0,145.43,77.0,88,75,6.93
528,Gubskaya,RU,2020-11-26 17:46:27,44.32,40.64,34.34,90,97,1.43
529,Conakry,GN,2020-11-26 17:44:15,9.54,-13.68,83.05,70,43,12.03
530,Satka,RU,2020-11-26 17:46:28,55.04,59.04,15.64,93,82,2.82
531,Kuytun,RU,2020-11-26 17:46:28,54.34,101.5,1.67,94,48,0.92
532,Ratne,UA,2020-11-26 17:46:29,51.67,24.53,32.05,94,0,9.13
533,Labuhan,ID,2020-11-26 17:46:29,-6.88,112.21,78.53,82,100,11.77
534,Waddan,LY,2020-11-26 17:46:30,29.16,16.14,63.1,49,8,4.05
535,Hoopstad,ZA,2020-11-26 17:46:30,-27.83,25.91,74.64,16,0,8.77
536,Vila,PT,2020-11-26 17:46:30,42.03,-8.16,54.0,78,98,8.99
537,Samana,DO,2020-11-26 17:46:30,19.21,-69.34,86.0,74,20,6.93
538,Navahrudak,BY,2020-11-26 17:46:31,53.6,25.83,30.58,96,79,10.67
539,Lamar,US,2020-11-26 17:46:31,33.67,-95.58,64.0,51,1,10.29
540,Jardim,BR,2020-11-26 17:45:59,-21.48,-56.14,97.92,26,100,4.27
541,Jati,PK,2020-11-26 17:46:31,24.35,68.27,68.16,36,0,14.52
542,Kabanjahe,ID,2020-11-26 17:46:32,3.1,98.49,77.0,100,40,6.93
543,Camacha,PT,2020-11-26 17:46:32,33.08,-16.33,57.2,71,40,18.34
544,Mmabatho,ZA,2020-11-26 17:46:32,-25.85,25.63,78.8,34,0,5.82
545,Koszalin,PL,2020-11-26 17:43:20,54.19,16.17,44.01,10,98,12.53
546,Biltine,TD,2020-11-26 17:46:32,14.53,20.92,77.38,16,11,8.37
547,Palasa,IN,2020-11-26 17:46:33,18.77,84.42,68.99,92,100,5.39
548,Takoradi,GH,2020-11-26 17:46:33,4.88,-1.76,78.75,84,96,10.2
549,Moose Factory,CA,2020-11-26 17:46:33,51.26,-80.61,35.6,89,90,9.17
550,Gemena,CD,2020-11-26 17:46:33,3.25,19.77,78.55,65,19,2.06
551,Ust-Maya,RU,2020-11-26 17:46:34,60.42,134.53,-14.69,88,100,3.27
552,Skawina,PL,2020-11-26 17:46:34,49.98,19.83,34.0,86,0,4.7
553,Clarksville,US,2020-11-26 17:45:46,36.53,-87.36,52.0,81,90,5.82
554,Vilyuysk,RU,2020-11-26 17:46:35,63.76,121.62,-1.88,92,96,7.11
555,Langxiang,CN,2020-11-26 17:46:35,46.95,128.88,9.63,86,0,3.85
556,Huarmey,PE,2020-11-26 17:46:35,-10.07,-78.15,70.18,65,54,10.31
557,Coripata,BO,2020-11-26 17:46:35,-16.3,-67.6,59.0,41,75,21.92
558,Grindavik,IS,2020-11-26 17:46:36,63.84,-22.43,35.6,69,75,46.08
559,Hershey,US,2020-11-26 17:46:36,40.29,-76.65,64.0,59,40,9.17
560,Bereda,ES,2020-11-26 17:46:36,43.27,-7.54,53.01,100,96,3.0
561,Hovd,MN,2020-11-26 17:46:36,48.01,91.64,12.25,94,59,1.54
562,Creel,MX,2020-11-26 17:46:37,27.75,-107.63,58.51,33,2,17.18
563,Samarai,PG,2020-11-26 17:46:37,-10.62,150.67,78.69,77,93,4.68
564,Gdov,RU,2020-11-26 17:46:37,58.74,27.81,41.68,92,100,5.88
565,Chiredzi,ZW,2020-11-26 17:46:37,-21.05,31.67,78.51,70,46,6.42
566,Daru,PG,2020-11-26 17:46:37,-9.08,143.21,76.62,84,52,0.2
567,San Jose De Buan,PH,2020-11-26 17:46:38,12.05,125.03,75.0,93,98,2.51
568,Muttupet,IN,2020-11-26 17:46:16,10.4,79.48,78.62,81,56,7.07
569,Berlevag,NO,2020-11-26 17:46:38,70.86,29.09,32.0,86,75,2.24
